Workbook

Sheet PORTADA
B3: INSTRUMENTO DE AUTOEVALUACIÓN INSTITUCIONAL
B4: Cumplimiento LOPDP · Madurez Institucional · Gobernanza Tecnológica
B6: Elaborado para: Institución A
B8: DATOS GENERALES
B9: Institución: | E9: Institución A
B10: Tipo de Institución: | E10: Particular
B11: Responsable de la autoevaluación: | E11: XXXX
B12: Cargo: | E12: Director General
B13: Fecha de aplicación: | E13: 2026-07-29
B14: Revisado por (Estudiantes Maestría en Seguridad Informática): | E14: María Armijos
B17: INSTRUCCIONES DE USO
B19: MÓDULO 1 | C19: Cumplimiento LOPDP/RGLOPDP | E19: Responda Sí / Parcial / No en la columna RESPUESTA. Registre brevemente la evidencia disponible.
B21: MÓDULO 2 | C21: Madurez Institucional | E21: Seleccione el nivel de madurez (1-5) según la descripción de cada criterio. El nivel se califica automáticamente.
B23: MÓDULO 3 | C23: Gobernanza Tecnológica | E23: Responda Sí / Parcial / No e indique el estado actual de cada componente tecnológico.
B25: RESULTADOS | C25: Tablero de Resultados | E25: Consulte el resumen automático con % de cumplimiento, nivel de madurez global y brechas identificadas.
B28: ESCALA DE RESPUESTAS — MÓDULOS 1 Y 3
B29: SÍ | D29: 2 puntos | F29: Existe evidencia documentada y se aplica
B30: PARCIAL | D30: 1 punto | F30: Existe pero está en proceso o incompleto
B31: NO | D31: 0 puntos | F31: No existe o no se aplica
B34: ESCALA DE MADUREZ — MÓDULO 2
B35: 1 - Inicial | E35: Inicial: Sin proceso formal. Acción ad hoc o inexistente.
B36: 2 - Básico | E36: Básico: Se reconoce la necesidad pero sin estandarización.
B37: 3 - Definido | E37: Definido: Proceso documentado, aprobado y aplicado consistentemente.
B38: 4 - Gestionado | E38: Gestionado: Proceso medido con indicadores y métricas definidos.
B39: 5 - Optimizado | E39: Optimizado: Mejora continua activa. Benchmarking y automatización.

Sheet CONSENTIMIENTO_DIGITAL
B3: FORMATO DE CONSENTIMIENTO DIGITAL
B4: 1.1.1. Registro de aceptación del titular de los datos
B6: 1. ACEPTACIÓN
B7: Declaro que he leído y comprendido la información contenida en el presente consentimiento informado y que he sido informado/a de manera clara, suficiente y comprensible sobre el tratamiento de mis datos personales.
B11: ☑ | C11: ACEPTO el tratamiento de mis datos personales para las finalidades descritas en el presente consentimiento informado.
B12: ☑ | C12: ACEPTO el uso de imagen, fotografía y/o material audiovisual, cuando aplique.
B13: ☑ | C13: ACEPTO el tratamiento de datos sensibles, cuando aplique.
B16: La aceptación otorgada será registrada electrónicamente por la plataforma utilizada, conservando la evidencia necesaria para acreditar la identidad o autenticación del usuario, así como la fecha, hora y demás registros asociados a la manifestación de voluntad realizada.
B21: EVIDENCIA DE REGISTRO ELECTRÓNICO
B22: Usuario / identidad declarada: | E22: XXXX
B23: Cargo: | E23: Director General
B24: Institución: | E24: Institución A
B25: Fecha de aceptación: | E25: 14/8/2026
B26: Hora de aceptación: | E26: 9:26:30 a. m.
B27: Estado del consentimiento: | E27: Completo

Sheet M1_Cumplimiento_LOPDP
B2: MÓDULO 1 · DIAGNÓSTICO DE CUMPLIMIENTO NORMATIVO — LOPDP Y RGLOPDP
B3: Ley Orgánica de Protección de Datos Personales · Ecuador | Responda con base en evidencia disponible
B5: # | C5: ID | D5: CRITERIO DE VERIFICACIÓN | E5: RESPUESTA (Sí / Parcial / No) | F5: EVIDENCIA / OBSERVACIÓN | G5: ART. LOPDP Referencia
B7: A. INVENTARIO Y BASES DE DATOS
B9: 1 | C9: A1 | D9: ¿La institución ha identificado y registrado todas las bases de datos que contienen datos personales? | E9: Parcial | G9: Art. 26, 11 y 37
B10: 2 | C10: A2 | D10: ¿Se ha definido la finalidad específica de cada tratamiento de datos personales? | E10: Sí | G10: Art. 11
B11: 3 | C11: A3 | D11: ¿Se documenta el período de conservación de los datos conforme a minimización y proporcionalidad? | E11: Sí | G11: Art. 10, 12
B12: 4 | C12: A4 | D12: ¿Existe un inventario actualizado de flujos de datos (quién recibe, quién envía, con qué propósito)? | E12: No | G12: Art. 26
B14: B. CONSENTIMIENTO E INFORMACIÓN AL TITULAR
B16: 5 | C16: B1 | D16: ¿Se informa al titular sobre qué datos se recopilan, cómo se usan y con quién se comparten? | E16: Sí | G16: Art. 14, 15
B17: 6 | C17: B2 | D17: ¿Se obtiene el consentimiento explícito antes de recopilar o procesar datos personales? | E17: Sí | G17: Art. 9
B18: 7 | C18: B3 | D18: ¿Existe una política de privacidad clara, accesible y revisada periódicamente? | E18: Parcial | G18: Art. 14
B19: 8 | C19: B4 | D19: ¿Se proporciona a los titulares información sobre cómo ejercer sus derechos (ARCO+)? | E19: No | G19: Art. 19-25
B20: 9 | C20: B5 | D20: ¿Cuenta con política de uso de cookies con consentimiento informado? | E20: No | G20: Art. 8, 9 y 14
B22: C. DERECHOS DE LOS TITULARES (ARCO+)
B24: 10 | C24: C1 | D24: ¿Existe un mecanismo formal para atender solicitudes de Acceso a datos personales? | E24: Parcial | G24: Art. 19
B25: 11 | C25: C2 | D25: ¿Existe un mecanismo formal para solicitudes de Rectificación de datos? | E25: Parcial | G25: Art. 20
B26: 12 | C26: C3 | D26: ¿Existe un mecanismo formal para solicitudes de Cancelación / Supresión de datos? | E26: No | G26: Art. 21
B27: 13 | C27: C4 | D27: ¿Existe un mecanismo formal para solicitudes de Oposición al tratamiento? | E27: No | G27: Art. 22
B28: 14 | C28: C5 | D28: ¿Se respetan los plazos legales para atender derechos de titulares? | E28: No | G28: Art. 19-26
B30: D. RESPONSABLE Y ENCARGADO DEL TRATAMIENTO
B32: 15 | C32: D1 | D32: ¿La institución tiene designado formalmente un Delegado de Protección de Datos (DPD)? | E32: No | G32: Art. 47 - 50
B33: 16 | C33: D2 | D33: ¿Cuenta con contratos firmados con encargados de tratamiento externos? | E33: No | G33: Art. 38
B34: 17 | C34: D3 | D34: ¿Tiene acuerdos de confidencialidad firmados con encargados y colaboradores que acceden a datos? | E34: Sí | G34: Art. 38, 39
B35: 18 | C35: D4 | D35: ¿Se verifica que los encargados externos cumplen con la LOPDP? | E35: Sí | G35: Art. 38
B37: E. SEGURIDAD DE LA INFORMACIÓN
B39: 19 | C39: E1 | D39: ¿Cuenta con medidas de seguridad técnicas y organizativas para proteger datos personales? | E39: Sí | G39: Art. 37
B40: 20 | C40: E2 | D40: ¿Realiza análisis de riesgos que incluya el tratamiento de datos personales? | E40: Sí | G40: Art. 37 y 40
B41: 21 | C41: E3 | D41: ¿Se realiza Evaluación de Impacto en Protección de Datos (EIPD) para tratamientos de alto riesgo? | E41: No | G41: Art. 37 y 47
B42: 22 | C42: E4 | D42: ¿Mantiene un procedimiento documentado para notificación de vulneraciones de seguridad? | E42: Parcial | G42: Art. 42 y 44
B43: 23 | C43: E5 | D43: ¿Realiza análisis de vulnerabilidades informáticas relacionadas con datos personales? | E43: No | G43: Art. 37 y 40
B44: 24 | C44: E6 | D44: ¿Cuenta con políticas de anonimización, cifrado y eliminación segura de datos? | E44: Parcial | G44: Art. 37
B45: 25 | C45: E7 | D45: ¿Tiene señalización visible en zonas con cámaras de seguridad? | E45: No | G45: Art. 14 y 37
B47: F. AUDITORÍA, CAPACITACIÓN Y MEJORA CONTINUA
B49: 26 | C49: F1 | D49: ¿Se realizan capacitaciones periódicas a docentes, autoridades, estudiantes sobre protección de datos? | E49: Parcial | G49: Art. 37
B50: 27 | C50: F2 | D50: ¿Se realizan revisiones periódicas y auditorías de cumplimiento de protección de datos? | E50: No | G50: Art. 37 y 47
B51: 28 | C51: F3 | D51: ¿Se ha documentado y aplica una política de retención y eliminación de datos? | E51: Parcial | G51: Art. 10, 12 y 16
B52: 29 | C52: F4 | D52: ¿Se realizan pruebas de penetración o análisis de seguridad informática? | E52: Sí | G52: Art. 37 y 40
E54: Sí ✓ | F54: Parcial ~ | G54: No ✗ | H54: % Cumplimiento
B55: RESUMEN MÓDULO 1 | E55: =COUNTIF(E9:E52,"Sí") -> 9 | F55: =COUNTIF(E9:E52,"Parcial") -> 8 | G55: =COUNTIF(E9:E52,"No") -> 12 | H55: =IFERROR((COUNTIF(E9:E52,"Sí")*2+COUNTIF(E9:E52,"Parcial")*1)/(29*2),0) -> 0.44827586

Sheet M2_Madurez_Institucional
B2: MÓDULO 2 · EVALUACIÓN DE NIVEL DE MADUREZ INSTITUCIONAL
B3: Seleccione el nivel 1-5 que mejor describe el estado actual de cada dimensión institucional
B5: # | C5: DIM | D5: DIMENSIÓN / CRITERIO DE MADUREZ | E5: NIVEL (1-5) | F5: OBSERVACIÓN / JUSTIFICACIÓN | G5: DESCRIPCIÓN DEL NIVEL SELECCIONADO
B7: I. GOBERNANZA Y LIDERAZGO EN DATOS
B9: 1 | C9: G1 | D9: Existe una estructura de gobierno de datos con roles y responsabilidades definidos (Responsable, DPD, Encargados). | E9: 1 | G9: =IF(E9="","— Sin calificar —",CHOOSE(E9,"Inicial: Sin proceso formal. Acción ad hoc o inexistente.","Básico: Se reconoce la necesidad pero sin estandarización.","Definido: Proceso documentado, aprobado y aplicado consistentemente.","Gestionado: Proceso medido con indicadores y métricas definidos.","Optimizado: Mejora continua activa. Benchmarking y automatización.")) -> Inicial: Sin proceso formal. Acción ad hoc o inexistente.
B10: 2 | C10: G2 | D10: La alta dirección lidera y está comprometida con el cumplimiento normativo en protección de datos. | E10: 3 | G10: =IF(E10="","— Sin calificar —",CHOOSE(E10,"Inicial: Sin proceso formal. Acción ad hoc o inexistente.","Básico: Se reconoce la necesidad pero sin estandarización.","Definido: Proceso documentado, aprobado y aplicado consistentemente.","Gestionado: Proceso medido con indicadores y métricas definidos.","Optimizado: Mejora continua activa. Benchmarking y automatización.")) -> Definido: Proceso documentado, aprobado y aplicado consistentemente.
B11: 3 | C11: G3 | D11: Existen políticas institucionales formalizadas sobre privacidad y protección de datos personales. | E11: 1 | G11: =IF(E11="","— Sin calificar —",CHOOSE(E11,"Inicial: Sin proceso formal. Acción ad hoc o inexistente.","Básico: Se reconoce la necesidad pero sin estandarización.","Definido: Proceso documentado, aprobado y aplicado consistentemente.","Gestionado: Proceso medido con indicadores y métricas definidos.","Optimizado: Mejora continua activa. Benchmarking y automatización.")) -> Inicial: Sin proceso formal. Acción ad hoc o inexistente.
B12: 4 | C12: G4 | D12: Se cuenta con presupuesto asignado para actividades de cumplimiento y protección de datos. | E12: 5 | G12: =IF(E12="","— Sin calificar —",CHOOSE(E12,"Inicial: Sin proceso formal. Acción ad hoc o inexistente.","Básico: Se reconoce la necesidad pero sin estandarización.","Definido: Proceso documentado, aprobado y aplicado consistentemente.","Gestionado: Proceso medido con indicadores y métricas definidos.","Optimizado: Mejora continua activa. Benchmarking y automatización.")) -> Optimizado: Mejora continua activa. Benchmarking y automatización.
B14: II. GESTIÓN DE PROCESOS Y PROCEDIMIENTOS
B16: 5 | C16: P1 | D16: Los procesos de tratamiento de datos están documentados, aprobados y comunicados al personal. | E16: 1 | G16: =IF(E16="","— Sin calificar —",CHOOSE(E16,"Inicial: Sin proceso formal. Acción ad hoc o inexistente.","Básico: Se reconoce la necesidad pero sin estandarización.","Definido: Proceso documentado, aprobado y aplicado consistentemente.","Gestionado: Proceso medido con indicadores y métricas definidos.","Optimizado: Mejora continua activa. Benchmarking y automatización.")) -> Inicial: Sin proceso formal. Acción ad hoc o inexistente.
B17: 6 | C17: P2 | D17: Existe un registro de actividades de tratamiento (RAT) actualizado. | E17: 1 | G17: =IF(E17="","— Sin calificar —",CHOOSE(E17,"Inicial: Sin proceso formal. Acción ad hoc o inexistente.","Básico: Se reconoce la necesidad pero sin estandarización.","Definido: Proceso documentado, aprobado y aplicado consistentemente.","Gestionado: Proceso medido con indicadores y métricas definidos.","Optimizado: Mejora continua activa. Benchmarking y automatización.")) -> Inicial: Sin proceso formal. Acción ad hoc o inexistente.
B18: 7 | C18: P3 | D18: Se aplican procedimientos formales para responder derechos ARCO+ de los titulares. | E18: 1 | G18: =IF(E18="","— Sin calificar —",CHOOSE(E18,"Inicial: Sin proceso formal. Acción ad hoc o inexistente.","Básico: Se reconoce la necesidad pero sin estandarización.","Definido: Proceso documentado, aprobado y aplicado consistentemente.","Gestionado: Proceso medido con indicadores y métricas definidos.","Optimizado: Mejora continua activa. Benchmarking y automatización.")) -> Inicial: Sin proceso formal. Acción ad hoc o inexistente.
B19: 8 | C19: P4 | D19: Se dispone de procedimientos para gestión de incidentes y brechas de datos. | E19: 3 | G19: =IF(E19="","— Sin calificar —",CHOOSE(E19,"Inicial: Sin proceso formal. Acción ad hoc o inexistente.","Básico: Se reconoce la necesidad pero sin estandarización.","Definido: Proceso documentado, aprobado y aplicado consistentemente.","Gestionado: Proceso medido con indicadores y métricas definidos.","Optimizado: Mejora continua activa. Benchmarking y automatización.")) -> Definido: Proceso documentado, aprobado y aplicado consistentemente.
B20: 9 | C20: P5 | D20: Existe un proceso de revisión y mejora continua de los procedimientos de protección de datos. | E20: 1 | G20: =IF(E20="","— Sin calificar —",CHOOSE(E20,"Inicial: Sin proceso formal. Acción ad hoc o inexistente.","Básico: Se reconoce la necesidad pero sin estandarización.","Definido: Proceso documentado, aprobado y aplicado consistentemente.","Gestionado: Proceso medido con indicadores y métricas definidos.","Optimizado: Mejora continua activa. Benchmarking y automatización.")) -> Inicial: Sin proceso formal. Acción ad hoc o inexistente.
B22: III. CULTURA Y CAPACITACIÓN ORGANIZACIONAL
B24: 10 | C24: CC1 | D24: El personal tiene conocimiento básico de la LOPDP y sus obligaciones. | E24: 3 | G24: =IF(E24="","— Sin calificar —",CHOOSE(E24,"Inicial: Sin proceso formal. Acción ad hoc o inexistente.","Básico: Se reconoce la necesidad pero sin estandarización.","Definido: Proceso documentado, aprobado y aplicado consistentemente.","Gestionado: Proceso medido con indicadores y métricas definidos.","Optimizado: Mejora continua activa. Benchmarking y automatización.")) -> Definido: Proceso documentado, aprobado y aplicado consistentemente.
B25: 11 | C25: CC2 | D25: Se realizan capacitaciones formales y periódicas sobre protección de datos a todos los niveles. | E25: 1 | G25: =IF(E25="","— Sin calificar —",CHOOSE(E25,"Inicial: Sin proceso formal. Acción ad hoc o inexistente.","Básico: Se reconoce la necesidad pero sin estandarización.","Definido: Proceso documentado, aprobado y aplicado consistentemente.","Gestionado: Proceso medido con indicadores y métricas definidos.","Optimizado: Mejora continua activa. Benchmarking y automatización.")) -> Inicial: Sin proceso formal. Acción ad hoc o inexistente.
B26: 12 | C26: CC3 | D26: Existe una cultura de privacidad por diseño en el desarrollo de nuevos proyectos o sistemas. | E26: 3 | G26: =IF(E26="","— Sin calificar —",CHOOSE(E26,"Inicial: Sin proceso formal. Acción ad hoc o inexistente.","Básico: Se reconoce la necesidad pero sin estandarización.","Definido: Proceso documentado, aprobado y aplicado consistentemente.","Gestionado: Proceso medido con indicadores y métricas definidos.","Optimizado: Mejora continua activa. Benchmarking y automatización.")) -> Definido: Proceso documentado, aprobado y aplicado consistentemente.
B27: 13 | C27: CC4 | D27: El incumplimiento de normas de privacidad tiene consecuencias formales (régimen disciplinario). | E27: 3 | G27: =IF(E27="","— Sin calificar —",CHOOSE(E27,"Inicial: Sin proceso formal. Acción ad hoc o inexistente.","Básico: Se reconoce la necesidad pero sin estandarización.","Definido: Proceso documentado, aprobado y aplicado consistentemente.","Gestionado: Proceso medido con indicadores y métricas definidos.","Optimizado: Mejora continua activa. Benchmarking y automatización.")) -> Definido: Proceso documentado, aprobado y aplicado consistentemente.
B29: IV. GESTIÓN DE RIESGOS Y SEGURIDAD
B31: 14 | C31: R1 | D31: Se realiza análisis de riesgos formal para el tratamiento de datos personales. | E31: 1 | G31: =IF(E31="","— Sin calificar —",CHOOSE(E31,"Inicial: Sin proceso formal. Acción ad hoc o inexistente.","Básico: Se reconoce la necesidad pero sin estandarización.","Definido: Proceso documentado, aprobado y aplicado consistentemente.","Gestionado: Proceso medido con indicadores y métricas definidos.","Optimizado: Mejora continua activa. Benchmarking y automatización.")) -> Inicial: Sin proceso formal. Acción ad hoc o inexistente.
B32: 15 | C32: R2 | D32: Los riesgos identificados tienen controles asignados, responsables y plazos de mitigación. | E32: 1 | G32: =IF(E32="","— Sin calificar —",CHOOSE(E32,"Inicial: Sin proceso formal. Acción ad hoc o inexistente.","Básico: Se reconoce la necesidad pero sin estandarización.","Definido: Proceso documentado, aprobado y aplicado consistentemente.","Gestionado: Proceso medido con indicadores y métricas definidos.","Optimizado: Mejora continua activa. Benchmarking y automatización.")) -> Inicial: Sin proceso formal. Acción ad hoc o inexistente.
B33: 16 | C33: R3 | D33: Se aplican Evaluaciones de Impacto en Protección de Datos (EIPD) cuando corresponde. | E33: 1 | G33: =IF(E33="","— Sin calificar —",CHOOSE(E33,"Inicial: Sin proceso formal. Acción ad hoc o inexistente.","Básico: Se reconoce la necesidad pero sin estandarización.","Definido: Proceso documentado, aprobado y aplicado consistentemente.","Gestionado: Proceso medido con indicadores y métricas definidos.","Optimizado: Mejora continua activa. Benchmarking y automatización.")) -> Inicial: Sin proceso formal. Acción ad hoc o inexistente.
B34: 17 | C34: R4 | D34: Las medidas de seguridad técnica (cifrado, control de acceso, logs) están implementadas y documentadas. | E34: 5 | G34: =IF(E34="","— Sin calificar —",CHOOSE(E34,"Inicial: Sin proceso formal. Acción ad hoc o inexistente.","Básico: Se reconoce la necesidad pero sin estandarización.","Definido: Proceso documentado, aprobado y aplicado consistentemente.","Gestionado: Proceso medido con indicadores y métricas definidos.","Optimizado: Mejora continua activa. Benchmarking y automatización.")) -> Optimizado: Mejora continua activa. Benchmarking y automatización.
B35: 18 | C35: R5 | D35: Se realizan pruebas periódicas de seguridad (pentesting, análisis de vulnerabilidades). | E35: 5 | G35: =IF(E35="","— Sin calificar —",CHOOSE(E35,"Inicial: Sin proceso formal. Acción ad hoc o inexistente.","Básico: Se reconoce la necesidad pero sin estandarización.","Definido: Proceso documentado, aprobado y aplicado consistentemente.","Gestionado: Proceso medido con indicadores y métricas definidos.","Optimizado: Mejora continua activa. Benchmarking y automatización.")) -> Optimizado: Mejora continua activa. Benchmarking y automatización.
B37: V. RELACIÓN CON TERCEROS Y CADENA DE VALOR
B39: 19 | C39: T1 | D39: Los contratos con proveedores incluyen cláusulas de protección de datos. | E39: 5 | G39: =IF(E39="","— Sin calificar —",CHOOSE(E39,"Inicial: Sin proceso formal. Acción ad hoc o inexistente.","Básico: Se reconoce la necesidad pero sin estandarización.","Definido: Proceso documentado, aprobado y aplicado consistentemente.","Gestionado: Proceso medido con indicadores y métricas definidos.","Optimizado: Mejora continua activa. Benchmarking y automatización.")) -> Optimizado: Mejora continua activa. Benchmarking y automatización.
B40: 20 | C40: T2 | D40: Se verifica que los encargados externos cumplen con estándares equivalentes de protección de datos. | E40: 4 | G40: =IF(E40="","— Sin calificar —",CHOOSE(E40,"Inicial: Sin proceso formal. Acción ad hoc o inexistente.","Básico: Se reconoce la necesidad pero sin estandarización.","Definido: Proceso documentado, aprobado y aplicado consistentemente.","Gestionado: Proceso medido con indicadores y métricas definidos.","Optimizado: Mejora continua activa. Benchmarking y automatización.")) -> Gestionado: Proceso medido con indicadores y métricas definidos.
B41: 21 | C41: T3 | D41: Existe un registro actualizado de encargados de tratamiento externos. | E41: 5 | G41: =IF(E41="","— Sin calificar —",CHOOSE(E41,"Inicial: Sin proceso formal. Acción ad hoc o inexistente.","Básico: Se reconoce la necesidad pero sin estandarización.","Definido: Proceso documentado, aprobado y aplicado consistentemente.","Gestionado: Proceso medido con indicadores y métricas definidos.","Optimizado: Mejora continua activa. Benchmarking y automatización.")) -> Optimizado: Mejora continua activa. Benchmarking y automatización.
B43: VI. AUDITORÍA, MONITOREO Y MEJORA CONTINUA
B45: 22 | C45: A1 | D45: Se realizan auditorías internas periódicas de cumplimiento en protección de datos. | E45: 1 | G45: =IF(E45="","— Sin calificar —",CHOOSE(E45,"Inicial: Sin proceso formal. Acción ad hoc o inexistente.","Básico: Se reconoce la necesidad pero sin estandarización.","Definido: Proceso documentado, aprobado y aplicado consistentemente.","Gestionado: Proceso medido con indicadores y métricas definidos.","Optimizado: Mejora continua activa. Benchmarking y automatización.")) -> Inicial: Sin proceso formal. Acción ad hoc o inexistente.
B46: 23 | C46: A2 | D46: Existen indicadores y métricas de cumplimiento que se monitorean regularmente. | E46: 2 | G46: =IF(E46="","— Sin calificar —",CHOOSE(E46,"Inicial: Sin proceso formal. Acción ad hoc o inexistente.","Básico: Se reconoce la necesidad pero sin estandarización.","Definido: Proceso documentado, aprobado y aplicado consistentemente.","Gestionado: Proceso medido con indicadores y métricas definidos.","Optimizado: Mejora continua activa. Benchmarking y automatización.")) -> Básico: Se reconoce la necesidad pero sin estandarización.
B47: 24 | C47: A3 | D47: Los hallazgos de auditoría se documentan, priorizan e implementan con seguimiento. | E47: 1 | G47: =IF(E47="","— Sin calificar —",CHOOSE(E47,"Inicial: Sin proceso formal. Acción ad hoc o inexistente.","Básico: Se reconoce la necesidad pero sin estandarización.","Definido: Proceso documentado, aprobado y aplicado consistentemente.","Gestionado: Proceso medido con indicadores y métricas definidos.","Optimizado: Mejora continua activa. Benchmarking y automatización.")) -> Inicial: Sin proceso formal. Acción ad hoc o inexistente.
B48: 25 | C48: A4 | D48: La institución aplica un ciclo de mejora continua (PHVA) en la gestión de datos personales. | E48: 3 | G48: =IF(E48="","— Sin calificar —",CHOOSE(E48,"Inicial: Sin proceso formal. Acción ad hoc o inexistente.","Básico: Se reconoce la necesidad pero sin estandarización.","Definido: Proceso documentado, aprobado y aplicado consistentemente.","Gestionado: Proceso medido con indicadores y métricas definidos.","Optimizado: Mejora continua activa. Benchmarking y automatización.")) -> Definido: Proceso documentado, aprobado y aplicado consistentemente.
E50: Nivel Promedio | F50: Nivel Mínimo | G50: Nivel Máximo | H50: % Madurez Global
B51: RESUMEN MÓDULO 2 | E51: =IFERROR(AVERAGE(E9:E48),0) -> 2.44 | F51: =IFERROR(MIN(E9:E48),0) -> 1 | G51: =IFERROR(MAX(E9:E48),0) -> 5 | H51: =IFERROR(AVERAGE(E9:E48)/5,0) -> 0.488

Sheet M3_Gobernanza_Tecnologica
B2: MÓDULO 3 · GOBERNANZA TECNOLÓGICA Y SISTEMAS DE INFORMACIÓN
B3: Evaluación de la gestión de procesos tecnológicos, infraestructura y sistemas de información
B5: # | C5: ID | D5: CRITERIO DE GOBERNANZA TECNOLÓGICA | E5: RESPUESTA (Sí / Parcial / No) | F5: ESTADO ACTUAL / OBSERVACIÓN | G5: PRIORIDAD (Alta/Media/Baja)
B7: I. ESTRATEGIA Y GOBERNANZA TI
B9: 1 | C9: TG1 | D9: ¿Existe un plan estratégico de tecnología de la información (PETI) vigente y alineado al plan institucional? | E9: Sí | G9: Alta
B11: 2 | C11: TG2 | D11: ¿Hay una unidad o responsable formal de TI con funciones y presupuesto definidos? | E11: Sí | G11: Alta
B13: 3 | C13: TG3 | D13: ¿Existe un comité o instancia de toma de decisiones tecnológicas en la institución? | E13: Sí | G13: Alta
B15: 4 | C15: TG4 | D15: ¿Se aplica algún marco de referencia para gobernanza TI (COBIT, ITIL, ISO 38500, ISO 27001 u otro)? | E15: Sí | G15: Alta
B17: II. INVENTARIO Y GESTIÓN DE ACTIVOS TECNOLÓGICOS
B19: 5 | C19: TA1 | D19: ¿Se cuenta con un inventario actualizado de hardware (equipos, servidores, dispositivos de red)? | E19: Sí | G19: Alta
B20: 6 | C20: TA2 | D20: ¿Se cuenta con un inventario actualizado de software y licencias? | E20: No | F20: Open Source | G20: Media
B21: 7 | C21: TA3 | D21: ¿Están identificados y clasificados los sistemas de información por criticidad? | E21: Sí | G21: Alta
B22: 8 | C22: TA4 | D22: ¿Se gestiona el ciclo de vida de los activos tecnológicos (adquisición, operación, baja)? | E22: Sí | F22: Físico Colecturia se tiene la lista | G22: Alta
B24: III. SISTEMAS DE INFORMACIÓN Y BASES DE DATOS
B26: 9 | C26: SI1 | D26: ¿Los sistemas de información institucionales están documentados (arquitectura, flujos de datos, usuarios)? | E26: Sí | G26: Alta
B27: 10 | C27: SI2 | D27: ¿Existe integración entre los sistemas de información? ¿Están documentados los flujos de integración? | E27: No | G27: Alta
B28: 11 | C28: SI3 | D28: ¿Los sistemas aplican controles de acceso basados en roles (RBAC) o perfiles de usuario? | E28: Parcial | G28: Alta
B29: 12 | C29: SI4 | D29: ¿Se registran logs de auditoría en los sistemas de información (accesos, cambios, consultas)? | E29: Sí | G29: Alta
B30: 13 | C30: SI5 | D30: ¿Los sistemas de información críticos cuentan con planes de continuidad o contingencia? | E30: Sí | G30: Alta
B31: 14 | C31: SI6 | D31: ¿Se realizan respaldos periódicos de bases de datos y sistemas con pruebas de restauración? | E31: Parcial | G31: Alta
B33: IV. SEGURIDAD INFORMÁTICA
B35: 15 | C35: SEC1 | D35: ¿Existe una política de seguridad de la información documentada y vigente? | E35: No | G35: Alta
B36: 16 | C36: SEC2 | D36: ¿Se aplica gestión de parches y actualizaciones de seguridad en sistemas operativos y aplicaciones? | E36: Sí | G36: Alta
B37: 17 | C37: SEC3 | D37: ¿Se usan herramientas de protección perimetral (firewall, antivirus, IDS/IPS)? | E37: No | G37: Alta
B38: 18 | C38: SEC4 | D38: ¿Existe segmentación de redes y control de acceso a la infraestructura? | E38: Sí | G38: Alta
B39: 19 | C39: SEC5 | D39: ¿Se gestiona formalmente el control de accesos privilegiados (administradores de sistemas)? | E39: Sí | G39: Alta
B40: 20 | C40: SEC6 | D40: ¿Se realizan pruebas de seguridad (pentesting, ethical hacking) periódicamente? | E40: No | G40: Alta
B42: V. GESTIÓN DE SERVICIOS TI Y MESA DE AYUDA
B44: 21 | C44: SV1 | D44: ¿Existe un sistema de gestión de incidentes y solicitudes TI (mesa de ayuda / help desk)? | E44: Sí | G44: Alta
B45: 22 | C45: SV2 | D45: ¿Se miden los tiempos de respuesta y resolución de incidentes tecnológicos? | E45: Sí | G45: Alta
B46: 23 | C46: SV3 | D46: ¿Existen Acuerdos de Nivel de Servicio (SLA) con proveedores tecnológicos críticos? | E46: Sí | G46: Media
B47: 24 | C47: SV4 | D47: ¿Existe gestión de cambios formalizada para modificaciones en sistemas productivos? | E47: Sí | G47: Alta
B49: VI. NORMATIVA Y CUMPLIMIENTO TECNOLÓGICO NACIONAL
B51: 25 | C51: CN1 | D51: ¿La gestión de TI está alineada con la Ley de Comercio Electrónico, Firmas y Mensajes de Datos? | E51: Sí | G51: Media
B52: 26 | C52: CN2 | D52: ¿Se aplica el Esquema Gubernamental de Seguridad de la Información (EGSI) o similar? | E52: Parcial | G52: Alta
B53: 27 | C53: CN3 | D53: ¿Los sistemas de información consideran requisitos de protección de datos desde su diseño (privacy by design)? | E53: Parcial | G53: Alta
B54: 28 | C54: CN4 | D54: ¿Se realiza revisión periódica del cumplimiento normativo tecnológico (auditorías TI)? | E54: No | G54: Alta
E56: Sí ✓ | F56: Parcial ~ | G56: No ✗ | H56: % Cumplimiento
B57: RESUMEN MÓDULO 3 | E57: =COUNTIF(E9:E54,"Sí") -> 18 | F57: =COUNTIF(E9:E54,"Parcial") -> 4 | G57: =COUNTIF(E9:E54,"No") -> 6 | H57: =IFERROR((COUNTIF(E9:E54,"Sí")*2+COUNTIF(E9:E54,"Parcial")*1)/(28*2),0) -> 0.71428571

Sheet TABLERO_RESULTADOS
B2: TABLERO DE RESULTADOS — AUTOEVALUACIÓN INSTITUCIONAL
B3: Institución A · Resultados calculados automáticamente
B6: 1. RESUMEN EJECUTIVO
B7: MÓDULO | C7: % CUMPLIMIENTO | D7: Sí | E7: Parcial | F7: No
B8: Módulo 1 · Cumplimiento LOPDP/RGLOPDP | C8: =M1_Cumplimiento_LOPDP!H55 -> 0.44827586 | D8: =M1_Cumplimiento_LOPDP!E55 -> 9 | E8: =M1_Cumplimiento_LOPDP!F55 -> 8 | F8: =M1_Cumplimiento_LOPDP!G55 -> 12
B9: Módulo 3 · Gobernanza Tecnológica | C9: =M3_Gobernanza_Tecnologica!H57 -> 0.71428571 | D9: =M3_Gobernanza_Tecnologica!E57 -> 18 | E9: =M3_Gobernanza_Tecnologica!F57 -> 4 | F9: =M3_Gobernanza_Tecnologica!G57 -> 6
B10: Módulo 2 · Madurez Institucional | C10: =M2_Madurez_Institucional!H51 -> 0.488 | D10: ="Nivel Prom.: "&TEXT(M2_Madurez_Institucional!E51,"0.0")&" / 5" -> Nivel Prom.: 2.4 / 5
B13: 2. NIVEL DE MADUREZ INSTITUCIONAL
B14: INDICADOR | C14: VALOR | D14: INTERPRETACIÓN
B15: Nivel Promedio Global (1-5) | C15: =M2_Madurez_Institucional!E51 -> 2.44 | D15: Nivel 2 - BÁSICO: Reconocimiento sin estandarización
B16: Nivel Mínimo detectado | C16: =M2_Madurez_Institucional!F51 -> 1 | D16: — Dimensión más débil
B17: Nivel Máximo detectado | C17: =M2_Madurez_Institucional!G51 -> 5 | D17: — Dimensión más fortalecida
B18: % de Madurez Alcanzado | C18: =M2_Madurez_Institucional!H51 -> 0.488 | D18: Relación nivel promedio / nivel máximo (5)
B21: 3. SÍNTESIS DE GOBERNANZA TECNOLÓGICA
B22: INDICADOR | C22: VALOR | D22: INTERPRETACIÓN
B23: % Cumplimiento Gobernanza TI | C23: =M3_Gobernanza_Tecnologica!H57 -> 0.71428571 | D23: MEDIO — Avances significativos, brechas puntuales
B24: Criterios Cumplidos (Sí) | C24: =M3_Gobernanza_Tecnologica!E57 -> 18 | D24: Controles completamente implementados
B25: Criterios Parciales | C25: =M3_Gobernanza_Tecnologica!F57 -> 4 | D25: Controles en proceso o incompletos
B26: Criterios No Cumplidos (No) | C26: =M3_Gobernanza_Tecnologica!G57 -> 6 | D26: Brechas que requieren plan de acción
B29: 4. NIVEL DE RIESGO Y ESTADO GLOBAL
B30: INDICADOR | C30: RESULTADO | D30: NIVEL DE RIESGO
B31: ÍNDICE DE CUMPLIMIENTO GLOBAL | C31: =IFERROR(AVERAGE(C8,C9,C18),0) -> 0.55018719 | D31: Riesgo Medio-Alto - Brechas criticas
